{"msg":"success!","chart_data":[[[0.0,1.2377567291259766],[65.4885025024414,584.9475708007812],[129.589111328125,548.9005126953125],[169.10525512695312,492.2771301269531],[216.50564575195312,467.65509033203125],[304.6988525390625,400.0809326171875],[324.4790954589844,424.2013854980469],[344.67840576171875,443.9994201660156],[389.0246887207031,408.4065246582031],[409.4568176269531,519.5443725585938],[431.4132385253906,563.112548828125],[453.1889343261719,539.677001953125],[495.79534912109375,480.5088806152344],[521.1273803710938,492.7458801269531],[539.1298828125,509.7440185546875]]],"chart_type":1}