{"msg":"success!","type":2,"data_raw":[89.95618927370266,121.77450481881979,90.03975087163835,29.290091383002416,28.939463652836793],"data_value":[],"bounding_boxes":{"0":[0.4542198181152344,405.8403625488281,463.1397399902344,505.0,0.5309958493996331],"2":[164.4186553955078,10.244034767150879,299.9353332519531,43.748199462890625,0.5994112139549109],"4":[82.29613494873047,81.88116455078125,386.9317321777344,386.7080078125,0.7830664867998613],"5":[82.29613494873047,81.88116455078125,386.9317321777344,386.7080078125,0.9309706003605764]},"labels":{"2":"   Activities "},"min_value":-385,"max_value":1}