{"msg":"success!","chart_data":[[[0.0,1.2439188957214355],[65.49823760986328,584.93212890625],[129.59750366210938,548.880859375],[169.0979766845703,492.188720703125],[216.48089599609375,467.5935363769531],[237.20387268066406,443.8024597167969],[304.7222900390625,400.074951171875],[324.4046325683594,424.23699951171875],[344.6940612792969,443.9919738769531],[389.05322265625,408.37860107421875],[409.45343017578125,519.5249633789062],[431.3628234863281,563.107666015625],[453.162841796875,539.6625366210938],[495.776611328125,480.5017395019531],[521.1124877929688,492.7452087402344],[539.1561279296875,509.71783447265625]]],"chart_type":1}