{"msg":"success!","chart_data":[[[232.3709716796875,161.12884521484375],[314.3970947265625,339.976318359375],[395.9244079589844,388.0551452636719],[478.3638000488281,396.1047668457031],[559.822509765625,401.14801025390625],[641.2039184570312,401.1946105957031],[723.8202514648438,417.5978698730469],[806.0119018554688,420.2471008300781],[887.7012939453125,420.4369201660156],[970.0953369140625,423.301513671875],[1050.5833740234375,427.0914611816406],[1132.2667236328125,437.3313903808594],[1256.37158203125,245.06011962890625]],[[232.3743896484375,327.540283203125],[314.3603820800781,411.8025207519531],[395.9552001953125,434.74365234375],[478.35797119140625,437.72845458984375],[559.7080078125,440.31964111328125],[641.2197875976562,440.3946838378906],[723.8433837890625,448.7998352050781],[806.0804443359375,449.7686767578125],[969.9673461914062,451.2479248046875],[1050.6524658203125,452.67755126953125]],[[232.51156616210938,215.60289001464844],[314.382568359375,372.6771545410156],[396.06658935546875,415.0464782714844],[478.40838623046875,421.86053466796875],[559.6884765625,426.97454833984375],[641.1790161132812,427.0421142578125],[723.782470703125,440.9945373535156],[887.61767578125,443.4478454589844],[969.9877319335938,445.60882568359375],[1050.6524658203125,452.67755126953125]],[[232.33279418945312,130.0695343017578],[314.4346618652344,315.48480224609375],[395.9239501953125,371.9201354980469],[478.3754577636719,381.66729736328125],[559.8218383789062,387.8402099609375],[641.180419921875,387.5899658203125],[723.717529296875,407.5798034667969],[804.8352661132812,410.945556640625],[887.7078857421875,410.8734130859375],[970.06884765625,413.6849670410156],[1050.483154296875,417.88006591796875]],[[1050.6524658203125,452.67755126953125],[1132.257080078125,457.2417297363281]]],"chart_type":1}