{
    "msg": "success!",
    "data_raw": [
        [159.17442321777344, 103.00526428222656, 215.33787536621094, 264.5877990722656],
        [300.73614501953125, 211.0003662109375, 358.5722351074219, 264.5747985839844],
        [444.344482421875, 210.89810180664062, 500.1148681640625, 264.60614013671875]
    ],
    "data_value": [
        [0.8543555462576679, 0.28327079715016695, 0.2839772286376482]
    ],
    "type": 0,
    "bounding_boxes": {
        "2": [64.11204528808594, 28.149749755859375, 511.1214599609375, 59.09837341308594, 0.49319881534453114],
        "3": [234.65914916992188, 312.2380676269531, 351.85955810546875, 350.0584716796875, 0.6468798362847922],
        "4": [72.6484146118164, 63.61528778076172, 544.0686645507812, 303.0621643066406, 0.8416640513918766],
        "5": [116.97184753417969, 75.64842224121094, 544.1133422851562, 264.7763977050781, 0.9714338256155534]
    },
    "labels": {
        "2": " Prozent der Parteimitglieder die Zustimmen ",
        "3": "   Parteien "
    },
    "min_value": 50.0,
    "max_value": 64.0
}
